{
    "description": "Example planning task",
    "cube_width": "0.5",
    "start_position": [ -0.076138, -3.258682, 0.54373 ],
    "goal_position": [ 0.123147, 2.635865, 0.321962 ],
    "cube_positions": [
        [ 0, 0, 0 ],
        [ 1.392833, -1.134785, -0.057927 ],
        [ 0.623421, -0.611667, 0.035734 ],
        [ 0.623421, -0.611667, 0.035734 ],
        [ 1.363971, 0.343793, 0.320316 ],
        [ 0.316483, 0.300595, 1.260739 ],
        [ 1.202368, 0.245398, -0.48468 ],
        [ 0.519638, -0.358962, 0.987094 ],
        [ 0.525473, -0.899843, 1.236658 ],
        [ 0.545793, -1.790587, 1.04849 ],
        [ 1.230509, -1.690394, 1.279423 ],
        [ 1.145733, -1.77694, 0.894679 ],
        [ 0.091837, -1.803752, 0.69827 ],
        [ -0.177067, -1.553129, -0.14017 ],
        [ 0.187531, 1.861265, 0.372158 ]
    ],
    "domain_lower_corner": [ -0.552, -3.929, -0.15 ],
    "domain_upper_corner": [ 1.448, 3.07, 1.349 ]
}